train_loss,train_f1,train_prec,train_rec,train_acc,val_f1,val_prec,val_rec,val_acc,epoch,step,test_f1,test_prec,test_rec,test_acc
87.5036849975586,0.3447521924972534,0.45424628257751465,0.4669509530067444,0.3540000021457672,0.3817651569843292,0.4884999990463257,0.49172329902648926,0.3928000032901764,0,0,,,,
84.57536315917969,0.3489987254142761,0.4474284052848816,0.45891231298446655,0.35519999265670776,0.36205095052719116,0.44719618558883667,0.45934778451919556,0.37040001153945923,1,1,,,,
78.30196380615234,0.36606359481811523,0.4612904489040375,0.4678491950035095,0.3700000047683716,0.3794174790382385,0.474187433719635,0.4803374707698822,0.3880000114440918,2,2,,,,
76.11627197265625,0.38103073835372925,0.47102779150009155,0.47455841302871704,0.3831999897956848,0.4022623300552368,0.48597079515457153,0.48815494775772095,0.40639999508857727,3,3,,,,
69.21340942382812,0.3885822296142578,0.47156012058258057,0.473848819732666,0.38960000872612,0.3848045766353607,0.45363613963127136,0.4587791860103607,0.3871999979019165,4,4,,,,
69.18077087402344,0.3885554075241089,0.462232768535614,0.4636491537094116,0.3887999951839447,0.3855457305908203,0.4549011290073395,0.45997822284698486,0.3880000114440918,5,5,,,,
68.76837158203125,0.3911809027194977,0.459634006023407,0.46004265546798706,0.3912000060081482,0.41071122884750366,0.4718761444091797,0.47319358587265015,0.41119998693466187,6,6,,,,
64.65718841552734,0.3993877172470093,0.46026504039764404,0.4589999318122864,0.39959999918937683,0.4038897454738617,0.45852941274642944,0.4594082236289978,0.40400001406669617,7,7,,,,
59.807350158691406,0.42067307233810425,0.4767705202102661,0.4752890169620514,0.42160001397132874,0.40873605012893677,0.4564804434776306,0.455824077129364,0.40880000591278076,8,8,,,,
57.59520721435547,0.42554962635040283,0.4776179790496826,0.47578155994415283,0.42719998955726624,0.42352184653282166,0.4673181176185608,0.466031014919281,0.42399999499320984,9,9,,,,
57.78351974487305,0.41878950595855713,0.4670909643173218,0.46395379304885864,0.4212000072002411,0.4276910126209259,0.4614109396934509,0.45825812220573425,0.430400013923645,10,10,,,,
58.43500518798828,0.41746753454208374,0.45648109912872314,0.45079362392425537,0.42320001125335693,0.4213303029537201,0.4495584964752197,0.44447851181030273,0.42640000581741333,11,11,,,,
54.74044418334961,0.4082556366920471,0.4436386227607727,0.435602605342865,0.41600000858306885,0.4450111389160156,0.47100549936294556,0.4678763449192047,0.451200008392334,12,12,,,,
52.12711715698242,0.415290892124176,0.44308704137802124,0.43382707238197327,0.42879998683929443,0.4204147458076477,0.44470757246017456,0.43849337100982666,0.42800000309944153,13,13,,,,
50.19739532470703,0.4444381594657898,0.4691177010536194,0.46397173404693604,0.4596000015735626,0.44525080919265747,0.4649484157562256,0.4606993794441223,0.4560000002384186,14,14,,,,
46.068359375,0.46524202823638916,0.48629873991012573,0.48398035764694214,0.4828000068664551,0.40680477023124695,0.42501068115234375,0.4157260060310364,0.42080000042915344,15,15,,,,
46.52741241455078,0.44597214460372925,0.464270681142807,0.4582304060459137,0.4684000015258789,0.45803868770599365,0.4686947464942932,0.46493273973464966,0.47920000553131104,16,16,,,,
46.67504119873047,0.45532578229904175,0.4733813405036926,0.46887922286987305,0.4772000014781952,0.4764243960380554,0.4823915362358093,0.48054760694503784,0.504800021648407,17,17,,,,
46.6999626159668,0.44246235489845276,0.45594507455825806,0.44887956976890564,0.4731999933719635,0.43920737504959106,0.4465596079826355,0.4409634470939636,0.46959999203681946,18,18,,,,
43.45985794067383,0.4441260099411011,0.4540291428565979,0.4473473131656647,0.48240000009536743,0.448528528213501,0.4558618664741516,0.45115745067596436,0.47760000824928284,19,19,,,,
42.55061340332031,0.4659389853477478,0.4715754985809326,0.4681381583213806,0.5116000175476074,0.47835105657577515,0.483397901058197,0.4817524254322052,0.5088000297546387,20,20,,,,
41.72584533691406,0.4575272798538208,0.4632789194583893,0.45893776416778564,0.504800021648407,0.47770237922668457,0.48021435737609863,0.4787727892398834,0.5167999863624573,21,21,,,,
40.596065521240234,0.4576006829738617,0.4618375301361084,0.45800507068634033,0.5103999972343445,0.45780467987060547,0.46035704016685486,0.4577859938144684,0.5008000135421753,22,22,,,,
40.73201370239258,0.4482792615890503,0.4521143436431885,0.4478256106376648,0.5052000284194946,0.46171537041664124,0.46289539337158203,0.4613974988460541,0.5112000107765198,23,23,,,,
38.26106643676758,0.46976155042648315,0.4712643027305603,0.4695955514907837,0.532800018787384,0.45271414518356323,0.453119695186615,0.45241260528564453,0.5095999836921692,24,24,,,,
37.562347412109375,0.4877272844314575,0.4879704713821411,0.48768943548202515,0.5568000078201294,0.4535026252269745,0.45339488983154297,0.4536203145980835,0.5152000188827515,25,25,,,,
38.2806282043457,0.46637752652168274,0.4668114185333252,0.46610212326049805,0.5388000011444092,0.46464866399765015,0.4644036293029785,0.4650205373764038,0.527999997138977,26,26,,,,
38.09677505493164,0.4721353054046631,0.4724542498588562,0.4719392657279968,0.5443999767303467,0.4742646813392639,0.4740845561027527,0.4752260744571686,0.5424000024795532,27,27,,,,
38.940330505371094,0.4605448246002197,0.46105653047561646,0.4601983428001404,0.5335999727249146,0.45543310046195984,0.45472252368927,0.4584452509880066,0.5343999862670898,28,28,,,,
38.27368927001953,0.46479398012161255,0.4645996689796448,0.46503618359565735,0.545199990272522,0.46645963191986084,0.46610748767852783,0.4680332541465759,0.5383999943733215,29,29,,,,
37.439002990722656,0.44836995005607605,0.44873788952827454,0.4480576813220978,0.5252000093460083,0.4617708921432495,0.46175676584243774,0.4662526845932007,0.5472000241279602,30,30,,,,
,,,,,,,,,31,31,0.35216400027275085,0.3621961176395416,0.34677302837371826,0.40560001134872437
